appointment_id,pet_owner_id,pet_id,appointment_datetime
1,134,2,2024-03-23T17:55:22Z
2,111,1,2023-11-14T22:59:56Z
3,51,1,2025-01-07T11:58:21Z
4,94,3,2025-04-02T22:22:08Z
5,63,1,2025-02-20T11:31:28Z
6,115,2,2025-03-31T22:00:45Z
7,97,2,2024-06-23T02:04:03Z
8,150,4,2024-03-14T06:00:42Z
9,12,2,2025-02-16T09:09:10Z
10,77,2,2024-02-11T00:25:29Z
11,28,4,2025-03-16T06:37:39Z
12,142,2,2024-07-09T08:59:23Z
13,54,2,2025-07-20T23:09:00Z
14,113,2,2024-05-04T15:01:09Z
15,31,1,2024-08-28T18:46:30Z
16,100,3,2024-09-18T21:05:58Z
17,94,3,2024-10-31T18:25:07Z
18,25,2,2024-12-23T13:44:41Z
19,14,1,2024-03-05T23:25:18Z
20,94,2,2025-05-21T02:35:42Z
21,100,3,2024-09-16T09:04:52Z
22,148,1,2024-10-05T05:01:51Z
23,32,2,2024-03-17T19:46:39Z
24,19,3,2025-09-23T18:22:19Z
25,15,2,2024-02-05T11:16:37Z
26,2,3,2025-09-08T06:35:14Z
27,3,2,2025-02-26T19:44:19Z
28,72,3,2023-10-03T20:44:41Z
29,90,3,2025-01-09T21:28:04Z
30,109,4,2024-04-30T23:51:00Z
31,148,1,2023-11-18T01:06:41Z
32,27,2,2025-01-09T23:38:29Z
33,8,1,2024-12-17T03:43:01Z
34,148,2,2024-10-07T05:49:55Z
35,10,2,2024-03-27T12:34:21Z
36,100,4,2024-06-09T13:00:59Z
37,134,1,2025-05-25T22:09:00Z
38,130,1,2024-10-09T02:41:54Z
39,70,1,2025-06-26T22:31:09Z
40,59,2,2025-01-13T06:17:48Z
41,135,1,2024-04-12T17:21:23Z
42,81,1,2024-02-10T18:52:42Z
43,31,1,2024-03-19T15:09:18Z
44,59,3,2025-09-20T02:56:48Z
45,29,1,2024-05-31T15:40:50Z
46,24,2,2024-07-16T21:24:17Z
47,48,2,2025-07-06T07:46:50Z
48,90,3,2024-07-24T23:25:42Z
49,92,1,2024-12-04T16:40:46Z
50,55,2,2025-06-05T00:13:39Z
51,64,1,2023-12-06T22:51:39Z
52,10,2,2025-01-16T04:47:32Z
53,63,1,2025-06-06T19:58:36Z
54,24,2,2024-06-19T05:22:35Z
55,100,1,2025-06-28T23:10:25Z
56,63,3,2025-08-21T09:27:35Z
57,40,3,2024-09-15T23:35:50Z
58,138,1,2024-11-11T13:23:19Z
59,78,1,2024-10-23T22:35:30Z
60,39,2,2023-12-07T22:12:15Z
61,122,1,2024-11-16T22:53:06Z
62,40,3,2024-11-19T22:50:13Z
63,115,1,2023-12-15T10:41:04Z
64,40,2,2025-08-20T06:03:34Z
65,127,2,2023-12-25T02:15:13Z
66,1,1,2024-09-26T17:57:31Z
67,137,1,2024-12-02T17:10:30Z
68,139,1,2025-08-10T13:06:56Z
69,45,1,2023-11-08T03:00:28Z
70,109,4,2023-11-25T19:29:22Z
71,77,1,2025-04-20T16:43:07Z
72,57,2,2024-01-14T14:53:26Z
73,2,3,2025-02-01T21:28:06Z
74,34,6,2025-05-14T07:16:20Z
75,94,4,2025-07-03T19:51:09Z
76,100,3,2025-07-17T08:33:39Z
77,41,1,2023-12-21T20:29:37Z
78,90,2,2025-02-01T13:19:08Z
79,10,2,2025-06-22T02:05:48Z
80,60,1,2024-10-10T23:25:56Z
81,115,1,2023-12-14T12:57:02Z
82,1,2,2024-02-20T05:44:48Z
83,97,1,2023-12-21T10:47:07Z
84,114,1,2024-07-14T08:44:10Z
85,60,2,2023-10-17T22:05:56Z
86,8,1,2024-04-02T10:15:23Z
87,150,1,2024-11-22T17:36:21Z
88,127,3,2024-11-16T11:46:34Z
89,92,1,2024-10-27T22:03:19Z
90,92,1,2024-10-30T01:44:38Z
91,83,1,2024-09-03T23:51:33Z
92,150,1,2025-03-15T05:27:53Z
93,40,4,2025-02-12T03:24:32Z
94,34,5,2024-09-14T00:29:57Z
95,81,1,2024-02-01T08:56:39Z
96,10,1,2025-05-13T23:54:39Z
97,139,2,2023-09-30T00:52:23Z
98,83,1,2024-06-03T00:17:06Z
99,34,4,2024-12-08T23:56:57Z
100,100,4,2025-03-23T10:57:06Z
101,59,4,2024-05-19T09:24:22Z
102,87,1,2025-06-23T17:38:50Z
103,84,1,2025-01-31T09:47:35Z
104,28,3,2024-12-08T08:58:25Z
105,139,2,2024-10-08T05:49:46Z
106,127,2,2025-07-26T06:40:30Z
107,64,1,2025-09-25T04:04:22Z
108,83,1,2025-01-04T07:06:10Z
109,134,2,2025-08-27T17:09:52Z
110,28,3,2025-03-05T22:16:05Z
111,90,1,2024-08-01T00:40:32Z
112,119,4,2025-09-18T05:01:37Z
113,119,2,2024-08-28T05:50:48Z
114,109,2,2025-04-12T20:17:17Z
115,34,3,2024-05-28T06:34:23Z
116,147,1,2024-04-04T21:54:29Z
117,40,3,2024-06-01T05:48:08Z
118,111,1,2024-02-17T13:46:32Z
119,19,3,2024-04-29T09:18:04Z
120,34,3,2024-03-18T22:37:45Z
121,4,1,2025-01-24T22:08:33Z
122,150,4,2024-12-02T18:37:26Z
123,113,2,2025-07-20T15:01:24Z
124,48,3,2023-11-08T13:12:26Z
125,48,2,2025-02-20T05:36:54Z
126,132,2,2024-08-02T23:45:03Z
127,26,1,2024-01-07T19:26:27Z
128,77,1,2024-03-26T17:14:49Z
129,90,3,2024-12-31T22:18:35Z
130,51,1,2024-01-08T14:03:08Z
131,130,1,2024-04-26T13:41:58Z
132,119,3,2023-10-13T14:24:03Z
133,5,1,2024-01-24T04:48:18Z
134,100,1,2025-07-22T18:36:15Z
135,119,1,2025-02-11T11:15:44Z
136,72,3,2025-04-19T06:49:54Z
137,142,1,2025-02-06T22:48:06Z
138,19,3,2024-08-25T00:08:22Z
139,100,1,2025-09-09T10:39:59Z
140,113,3,2025-09-04T08:08:30Z
141,51,2,2024-01-10T03:09:06Z
142,68,1,2025-06-26T02:33:52Z
143,139,2,2024-09-04T03:23:10Z
144,65,1,2025-07-21T03:59:21Z
145,116,1,2025-09-08T03:19:24Z
146,149,3,2023-10-08T16:44:01Z
147,87,1,2024-01-08T05:12:02Z
148,28,4,2025-03-06T02:00:23Z
149,17,1,2024-04-25T11:00:48Z
150,8,1,2024-01-22T01:54:46Z
151,128,1,2024-09-12T23:00:51Z
152,115,2,2024-07-11T16:21:05Z
153,88,2,2025-07-26T21:18:40Z
154,28,4,2024-12-26T00:01:34Z
155,34,3,2023-12-15T19:14:38Z
156,108,2,2024-01-26T09:38:47Z
157,142,2,2025-05-06T14:56:13Z
158,72,1,2025-03-28T05:15:56Z
159,15,2,2024-06-17T07:06:34Z
160,142,2,2023-11-14T20:02:01Z
161,109,4,2025-09-26T08:37:28Z
162,121,1,2025-07-10T23:42:10Z
163,139,2,2024-12-16T06:54:51Z
164,8,2,2024-03-04T18:04:42Z
165,121,1,2024-03-07T09:03:18Z
166,127,1,2025-06-11T03:53:11Z
167,40,4,2025-04-07T20:38:12Z
168,29,1,2025-04-04T03:31:41Z
169,116,2,2025-06-30T07:05:45Z
170,109,2,2024-08-22T02:50:32Z
171,40,3,2023-12-14T20:58:37Z
172,134,1,2025-05-22T23:49:03Z
173,40,3,2025-08-20T01:23:11Z
174,34,3,2025-04-16T23:02:26Z
175,80,1,2025-03-21T10:26:41Z
176,84,4,2024-11-29T01:44:45Z
177,114,1,2024-03-19T08:37:19Z
178,90,3,2024-01-27T14:32:19Z
179,34,5,2025-08-03T19:20:04Z
180,26,1,2025-03-22T17:46:31Z
181,88,1,2024-02-01T11:40:09Z
182,100,3,2024-07-04T00:02:30Z
183,127,2,2023-11-05T13:29:16Z
184,124,2,2024-09-20T00:05:54Z
185,139,1,2025-05-27T07:28:25Z
186,55,2,2024-03-13T17:16:08Z
187,90,1,2024-07-19T05:22:28Z
188,14,1,2023-12-03T13:19:58Z
189,95,1,2025-03-09T20:47:34Z
190,113,1,2024-06-17T06:34:51Z
191,133,1,2025-02-11T20:18:57Z
192,105,1,2024-06-03T04:30:44Z
193,116,2,2024-06-06T02:17:06Z
194,28,1,2025-01-15T01:39:34Z
195,149,3,2025-05-06T16:07:03Z
196,94,2,2024-02-25T13:36:44Z
197,150,3,2024-11-14T19:18:50Z
198,48,2,2025-09-07T18:50:21Z
199,127,3,2025-06-10T09:10:14Z
200,90,3,2024-12-08T16:45:17Z
201,102,1,2024-12-17T04:42:57Z
202,121,2,2025-06-16T18:12:07Z
203,75,2,2025-03-01T07:44:00Z
204,63,1,2024-04-10T13:14:33Z
205,77,1,2024-12-27T14:55:37Z
206,114,1,2024-02-07T12:41:18Z
207,119,1,2024-05-06T04:55:07Z
208,27,1,2024-10-08T02:46:39Z
209,109,2,2024-04-16T05:06:55Z
210,134,2,2025-08-09T08:46:06Z
211,90,1,2025-09-18T08:08:27Z
212,92,1,2024-09-30T01:39:46Z
213,19,2,2024-05-21T11:49:47Z
214,30,1,2024-05-09T00:05:44Z
215,139,4,2024-10-01T23:19:57Z
216,59,1,2025-02-26T00:03:26Z
217,112,1,2025-02-10T05:45:04Z
218,86,1,2025-09-14T13:13:18Z
219,32,2,2024-03-30T20:12:38Z
220,75,2,2024-04-22T05:37:50Z
221,121,1,2025-04-13T04:22:54Z
222,115,2,2024-11-26T07:55:41Z
223,127,2,2025-04-19T17:16:01Z
224,102,2,2025-08-26T07:57:45Z
225,115,2,2023-10-29T09:08:28Z
226,142,1,2024-05-28T14:16:44Z
227,81,2,2023-11-22T04:30:39Z
228,91,1,2025-01-20T15:48:02Z
229,139,3,2025-05-24T06:45:52Z
230,29,1,2024-05-14T15:36:58Z
231,19,2,2025-05-25T08:13:04Z
232,150,4,2024-03-17T19:06:41Z
233,91,1,2024-03-23T05:06:23Z
234,48,1,2025-02-20T10:09:27Z
235,109,3,2024-02-18T03:29:56Z
236,4,1,2025-04-24T09:14:42Z
237,63,1,2025-01-08T13:59:25Z
238,109,2,2024-05-17T02:25:16Z
239,104,1,2025-08-22T02:17:20Z
240,8,2,2024-05-27T17:13:05Z
241,127,1,2024-01-05T02:08:59Z
242,87,1,2024-04-15T17:44:27Z
243,76,1,2024-05-11T18:03:19Z
244,102,1,2024-12-05T17:59:26Z
245,133,1,2025-03-07T03:37:32Z
246,2,1,2025-09-15T18:52:45Z
247,65,1,2024-05-09T19:01:38Z
248,108,2,2025-04-07T04:08:32Z
249,100,4,2023-10-30T08:43:55Z
250,34,1,2025-03-23T01:38:32Z
251,2,2,2024-03-30T14:52:04Z
252,18,2,2025-02-22T19:31:32Z
253,147,2,2025-03-16T18:55:53Z
254,70,1,2024-09-30T03:13:54Z
255,91,1,2025-03-31T03:44:59Z
256,94,4,2025-05-24T05:29:26Z
257,113,2,2025-04-15T08:47:46Z
258,54,2,2025-03-18T17:37:07Z
259,51,1,2024-12-18T23:11:13Z
260,27,2,2025-09-12T00:38:54Z
261,19,1,2024-09-13T00:42:07Z
262,76,1,2025-08-09T02:00:58Z
263,124,1,2025-02-01T17:35:41Z
264,119,2,2025-04-12T06:36:21Z
265,76,1,2023-10-03T07:01:32Z
266,102,1,2023-12-15T04:31:50Z
267,87,1,2025-07-05T01:21:29Z
268,60,1,2025-03-31T09:48:02Z
269,28,1,2024-02-02T20:02:16Z
270,100,1,2024-05-04T17:29:28Z
271,60,2,2024-12-02T15:46:06Z
272,90,1,2024-12-10T21:02:24Z
273,57,3,2024-02-05T01:09:49Z
274,124,2,2024-07-18T13:33:45Z
275,115,2,2024-10-10T15:05:39Z
276,150,4,2025-07-01T00:22:12Z
277,113,1,2024-06-19T12:25:15Z
278,113,2,2024-07-24T21:11:29Z
279,32,2,2024-04-14T10:32:28Z
280,2,3,2025-08-09T09:53:14Z
281,2,1,2024-05-20T12:33:21Z
282,26,1,2024-03-27T06:43:19Z
283,135,1,2025-01-17T03:28:27Z
284,115,2,2024-09-16T22:55:33Z
285,140,2,2025-04-23T23:33:43Z
286,139,3,2024-09-05T20:16:06Z
287,27,2,2024-03-25T02:03:03Z
288,41,1,2024-01-04T21:23:02Z
289,25,2,2025-03-02T23:26:02Z
290,87,1,2025-03-08T18:32:10Z
291,76,1,2024-06-10T00:11:08Z
292,25,2,2024-12-19T04:54:56Z
293,15,2,2024-08-27T03:18:08Z
294,8,1,2024-05-11T07:35:14Z
295,97,1,2025-02-18T17:02:22Z
296,18,1,2023-11-18T10:58:24Z
297,95,1,2023-12-08T21:07:05Z
298,51,1,2025-06-19T08:36:10Z
299,38,2,2023-10-12T21:55:01Z
300,109,1,2023-10-30T16:43:31Z
301,108,2,2025-02-01T05:00:23Z
302,78,1,2025-08-13T06:54:12Z
303,134,1,2025-07-20T09:25:25Z
304,24,3,2025-04-15T13:08:19Z
305,113,4,2025-01-07T09:19:37Z
306,3,2,2023-11-06T03:37:02Z
307,72,2,2024-06-05T04:08:32Z
308,54,1,2024-10-18T03:54:10Z
309,34,1,2023-10-13T00:59:41Z
310,94,1,2024-05-14T06:14:48Z
311,57,3,2024-04-20T03:46:02Z
312,104,1,2025-07-19T07:21:30Z
313,108,1,2024-11-23T07:49:31Z
314,57,1,2025-07-30T20:23:52Z
315,92,1,2024-05-01T10:44:02Z
316,46,1,2025-09-02T15:22:11Z
317,133,1,2025-09-03T05:10:04Z
318,32,1,2025-08-01T18:01:39Z
319,3,2,2025-07-28T13:18:59Z
320,8,1,2025-02-19T07:30:58Z
321,59,4,2024-11-28T21:05:59Z
322,34,1,2023-10-23T19:27:49Z
323,127,3,2024-08-11T08:06:47Z
324,82,1,2025-03-17T08:16:58Z
325,12,3,2024-05-12T05:44:39Z
326,94,3,2024-02-21T18:16:56Z
327,18,1,2024-06-16T00:01:41Z
328,90,3,2024-10-24T11:57:46Z
329,76,1,2025-02-07T13:01:03Z
330,18,2,2025-04-08T05:41:10Z
331,105,1,2025-02-05T08:13:02Z
332,94,4,2025-06-15T05:55:06Z
333,139,4,2024-05-28T15:40:46Z
334,109,1,2024-08-01T10:58:52Z
335,45,1,2024-11-27T01:36:49Z
336,84,1,2023-10-22T13:20:29Z
337,38,1,2025-03-08T00:16:14Z
338,31,1,2023-10-25T18:50:04Z
339,26,1,2024-08-09T16:44:20Z
340,26,1,2025-04-05T22:10:01Z
341,8,2,2024-01-29T19:04:21Z
342,139,4,2024-08-27T04:20:48Z
343,4,1,2024-10-22T12:54:32Z
344,34,3,2024-06-04T16:34:10Z
345,108,1,2025-03-10T21:41:50Z
346,132,1,2023-11-06T21:40:04Z
347,105,2,2025-06-07T10:30:44Z
348,113,4,2024-09-20T23:34:55Z
349,138,1,2024-06-14T03:54:37Z
350,12,1,2023-12-04T21:15:11Z
351,118,1,2024-06-16T05:39:42Z
352,40,2,2025-02-08T08:16:39Z
353,19,3,2025-09-25T17:39:30Z
354,115,1,2024-12-08T06:41:47Z
355,140,1,2024-08-03T15:54:39Z
356,63,1,2023-11-08T15:44:48Z
357,127,2,2024-08-11T19:11:30Z
358,18,2,2024-01-03T14:06:12Z
359,126,1,2025-06-15T22:23:49Z
360,59,4,2024-11-29T05:05:09Z
361,3,1,2023-10-24T01:05:59Z
362,2,3,2024-03-20T10:00:23Z
363,112,1,2024-10-31T06:28:48Z
364,115,2,2023-11-23T11:00:14Z
365,138,1,2024-07-14T09:25:39Z
366,34,1,2024-07-04T19:47:51Z
367,94,1,2024-07-07T21:24:46Z
368,38,1,2024-07-13T11:12:49Z
369,119,2,2023-10-07T10:14:22Z
370,148,2,2025-06-18T14:54:25Z
371,127,1,2024-07-02T17:34:32Z
372,31,1,2024-09-10T13:31:58Z
373,102,1,2025-06-08T07:24:00Z
374,139,1,2023-12-02T08:18:29Z
375,118,1,2025-08-22T01:03:10Z
376,84,2,2024-02-05T08:23:22Z
377,111,1,2025-04-01T14:14:09Z
378,47,1,2024-02-25T06:10:48Z
379,65,1,2023-11-24T15:48:12Z
380,113,1,2024-10-31T15:47:57Z
381,5,1,2025-08-29T06:00:35Z
382,140,2,2023-12-09T14:02:50Z
383,54,2,2024-10-04T21:43:29Z
384,87,1,2024-09-30T17:22:10Z
385,134,2,2025-03-06T23:40:08Z
386,127,3,2024-04-23T15:15:41Z
387,27,2,2024-08-06T11:34:52Z
388,119,4,2024-04-28T13:30:58Z
389,109,1,2024-10-21T08:05:37Z
390,97,1,2024-02-29T10:32:55Z
391,86,1,2025-09-23T20:28:32Z
392,38,1,2025-04-09T11:11:38Z
393,139,2,2024-10-08T01:43:53Z
394,81,2,2024-04-10T23:09:08Z
395,65,1,2025-06-09T16:36:17Z
396,76,1,2025-02-27T21:57:05Z
397,112,1,2024-01-21T17:13:48Z
398,102,3,2024-01-12T11:31:46Z
399,133,1,2024-08-03T05:57:16Z
400,83,1,2024-04-02T05:25:13Z
