appointment_id,pet_owner_id,pet_id,groomer_id,appointment_datetime
258,54,2,6,2025-03-18T17:37:07Z
258,54,2,6,2025-03-18T17:37:07Z
258,54,2,6,2025-03-18T17:37:07Z
73,2,3,6,2025-02-01T21:28:06Z
108,83,1,6,2025-01-04T07:06:10Z
176,84,4,6,2024-11-29T01:44:45Z
284,115,2,6,2024-09-16T22:55:33Z
284,115,2,6,2024-09-16T22:55:33Z
117,40,3,6,2024-06-01T05:48:08Z
13,54,2,11,2025-07-20T23:09:00Z
13,54,2,11,2025-07-20T23:09:00Z
79,10,2,11,2025-06-22T02:05:48Z
194,28,1,11,2025-01-15T01:39:34Z
194,28,1,11,2025-01-15T01:39:34Z
194,28,1,11,2025-01-15T01:39:34Z
206,114,1,11,2024-02-07T12:41:18Z
83,97,1,11,2023-12-21T10:47:07Z
83,97,1,11,2023-12-21T10:47:07Z
81,115,1,11,2023-12-14T12:57:02Z
64,40,2,15,2025-08-20T06:03:34Z
304,24,3,15,2025-04-15T13:08:19Z
268,60,1,15,2025-03-31T09:48:02Z
268,60,1,15,2025-03-31T09:48:02Z
5,63,1,15,2025-02-20T11:31:28Z
135,119,1,15,2025-02-11T11:15:44Z
135,119,1,15,2025-02-11T11:15:44Z
40,59,2,15,2025-01-13T06:17:48Z
40,59,2,15,2025-01-13T06:17:48Z
204,63,1,15,2024-04-10T13:14:33Z
204,63,1,15,2024-04-10T13:14:33Z
196,94,2,15,2024-02-25T13:36:44Z
196,94,2,15,2024-02-25T13:36:44Z
196,94,2,15,2024-02-25T13:36:44Z
130,51,1,15,2024-01-08T14:03:08Z
130,51,1,15,2024-01-08T14:03:08Z
130,51,1,15,2024-01-08T14:03:08Z
142,68,1,18,2025-06-26T02:33:52Z
142,68,1,18,2025-06-26T02:33:52Z
142,68,1,18,2025-06-26T02:33:52Z
200,90,3,18,2024-12-08T16:45:17Z
287,27,2,18,2024-03-25T02:03:03Z
287,27,2,18,2024-03-25T02:03:03Z
4,94,3,26,2025-04-02T22:22:08Z
4,94,3,26,2025-04-02T22:22:08Z
180,26,1,26,2025-03-22T17:46:31Z
180,26,1,26,2025-03-22T17:46:31Z
29,90,3,26,2025-01-09T21:28:04Z
187,90,1,26,2024-07-19T05:22:28Z
152,115,2,26,2024-07-11T16:21:05Z
152,115,2,26,2024-07-11T16:21:05Z
185,139,1,29,2025-05-27T07:28:25Z
185,139,1,29,2025-05-27T07:28:25Z
234,48,1,29,2025-02-20T10:09:27Z
234,48,1,29,2025-02-20T10:09:27Z
91,83,1,29,2024-09-03T23:51:33Z
91,83,1,29,2024-09-03T23:51:33Z
91,83,1,29,2024-09-03T23:51:33Z
23,32,2,29,2024-03-17T19:46:39Z
23,32,2,29,2024-03-17T19:46:39Z
23,32,2,29,2024-03-17T19:46:39Z
178,90,3,29,2024-01-27T14:32:19Z
178,90,3,29,2024-01-27T14:32:19Z
132,119,3,29,2023-10-13T14:24:03Z
132,119,3,29,2023-10-13T14:24:03Z
132,119,3,29,2023-10-13T14:24:03Z
37,134,1,30,2025-05-25T22:09:00Z
37,134,1,30,2025-05-25T22:09:00Z
37,134,1,30,2025-05-25T22:09:00Z
136,72,3,30,2025-04-19T06:49:54Z
136,72,3,30,2025-04-19T06:49:54Z
136,72,3,30,2025-04-19T06:49:54Z
255,91,1,30,2025-03-31T03:44:59Z
255,91,1,30,2025-03-31T03:44:59Z
245,133,1,30,2025-03-07T03:37:32Z
245,133,1,30,2025-03-07T03:37:32Z
21,100,3,30,2024-09-16T09:04:52Z
10,77,2,30,2024-02-11T00:25:29Z
10,77,2,30,2024-02-11T00:25:29Z
145,116,1,32,2025-09-08T03:19:24Z
145,116,1,32,2025-09-08T03:19:24Z
162,121,1,32,2025-07-10T23:42:10Z
162,121,1,32,2025-07-10T23:42:10Z
162,121,1,32,2025-07-10T23:42:10Z
276,150,4,32,2025-07-01T00:22:12Z
276,150,4,32,2025-07-01T00:22:12Z
278,113,2,32,2024-07-24T21:11:29Z
230,29,1,32,2024-05-14T15:36:58Z
230,29,1,32,2024-05-14T15:36:58Z
230,29,1,32,2024-05-14T15:36:58Z
164,8,2,32,2024-03-04T18:04:42Z
198,48,2,33,2025-09-07T18:50:21Z
262,76,1,33,2025-08-09T02:00:58Z
179,34,5,33,2025-08-03T19:20:04Z
179,34,5,33,2025-08-03T19:20:04Z
179,34,5,33,2025-08-03T19:20:04Z
75,94,4,33,2025-07-03T19:51:09Z
75,94,4,33,2025-07-03T19:51:09Z
75,94,4,33,2025-07-03T19:51:09Z
6,115,2,33,2025-03-31T22:00:45Z
6,115,2,33,2025-03-31T22:00:45Z
12,142,2,33,2024-07-09T08:59:23Z
12,142,2,33,2024-07-09T08:59:23Z
12,142,2,33,2024-07-09T08:59:23Z
30,109,4,33,2024-04-30T23:51:00Z
30,109,4,33,2024-04-30T23:51:00Z
19,14,1,33,2024-03-05T23:25:18Z
19,14,1,33,2024-03-05T23:25:18Z
68,139,1,38,2025-08-10T13:06:56Z
68,139,1,38,2025-08-10T13:06:56Z
172,134,1,38,2025-05-22T23:49:03Z
172,134,1,38,2025-05-22T23:49:03Z
157,142,2,38,2025-05-06T14:56:13Z
157,142,2,38,2025-05-06T14:56:13Z
157,142,2,38,2025-05-06T14:56:13Z
285,140,2,38,2025-04-23T23:33:43Z
285,140,2,38,2025-04-23T23:33:43Z
59,78,1,38,2024-10-23T22:35:30Z
59,78,1,38,2024-10-23T22:35:30Z
254,70,1,38,2024-09-30T03:13:54Z
254,70,1,38,2024-09-30T03:13:54Z
254,70,1,38,2024-09-30T03:13:54Z
282,26,1,38,2024-03-27T06:43:19Z
282,26,1,38,2024-03-27T06:43:19Z
282,26,1,38,2024-03-27T06:43:19Z
269,28,1,38,2024-02-02T20:02:16Z
269,28,1,38,2024-02-02T20:02:16Z
269,28,1,38,2024-02-02T20:02:16Z
223,127,2,42,2025-04-19T17:16:01Z
223,127,2,42,2025-04-19T17:16:01Z
158,72,1,42,2025-03-28T05:15:56Z
158,72,1,42,2025-03-28T05:15:56Z
158,72,1,42,2025-03-28T05:15:56Z
175,80,1,42,2025-03-21T10:26:41Z
175,80,1,42,2025-03-21T10:26:41Z
203,75,2,42,2025-03-01T07:44:00Z
3,51,1,42,2025-01-07T11:58:21Z
3,51,1,42,2025-01-07T11:58:21Z
3,51,1,42,2025-01-07T11:58:21Z
244,102,1,42,2024-12-05T17:59:26Z
244,102,1,42,2024-12-05T17:59:26Z
244,102,1,42,2024-12-05T17:59:26Z
8,150,4,42,2024-03-14T06:00:42Z
8,150,4,42,2024-03-14T06:00:42Z
8,150,4,42,2024-03-14T06:00:42Z
181,88,1,42,2024-02-01T11:40:09Z
297,95,1,42,2023-12-08T21:07:05Z
2,111,1,42,2023-11-14T22:59:56Z
26,2,3,49,2025-09-08T06:35:14Z
26,2,3,49,2025-09-08T06:35:14Z
166,127,1,49,2025-06-11T03:53:11Z
166,127,1,49,2025-06-11T03:53:11Z
22,148,1,49,2024-10-05T05:01:51Z
22,148,1,49,2024-10-05T05:01:51Z
45,29,1,49,2024-05-31T15:40:50Z
240,8,2,49,2024-05-27T17:13:05Z
240,8,2,49,2024-05-27T17:13:05Z
294,8,1,49,2024-05-11T07:35:14Z
270,100,1,49,2024-05-04T17:29:28Z
296,18,1,49,2023-11-18T10:58:24Z
296,18,1,49,2023-11-18T10:58:24Z
114,109,2,52,2025-04-12T20:17:17Z
114,109,2,52,2025-04-12T20:17:17Z
116,147,1,52,2024-04-04T21:54:29Z
195,149,3,55,2025-05-06T16:07:03Z
195,149,3,55,2025-05-06T16:07:03Z
168,29,1,55,2025-04-04T03:31:41Z
100,100,4,55,2025-03-23T10:57:06Z
27,3,2,55,2025-02-26T19:44:19Z
121,4,1,55,2025-01-24T22:08:33Z
121,4,1,55,2025-01-24T22:08:33Z
62,40,3,55,2024-11-19T22:50:13Z
62,40,3,55,2024-11-19T22:50:13Z
107,64,1,56,2025-09-25T04:04:22Z
107,64,1,56,2025-09-25T04:04:22Z
107,64,1,56,2025-09-25T04:04:22Z
169,116,2,56,2025-06-30T07:05:45Z
169,116,2,56,2025-06-30T07:05:45Z
92,150,1,56,2025-03-15T05:27:53Z
92,150,1,56,2025-03-15T05:27:53Z
92,150,1,56,2025-03-15T05:27:53Z
137,142,1,56,2025-02-06T22:48:06Z
263,124,1,56,2025-02-01T17:35:41Z
34,148,2,56,2024-10-07T05:49:55Z
34,148,2,56,2024-10-07T05:49:55Z
34,148,2,56,2024-10-07T05:49:55Z
109,134,2,59,2025-08-27T17:09:52Z
109,134,2,59,2025-08-27T17:09:52Z
109,134,2,59,2025-08-27T17:09:52Z
216,59,1,59,2025-02-26T00:03:26Z
216,59,1,59,2025-02-26T00:03:26Z
216,59,1,59,2025-02-26T00:03:26Z
259,51,1,59,2024-12-18T23:11:13Z
99,34,4,59,2024-12-08T23:56:57Z
99,34,4,59,2024-12-08T23:56:57Z
99,34,4,59,2024-12-08T23:56:57Z
207,119,1,59,2024-05-06T04:55:07Z
207,119,1,59,2024-05-06T04:55:07Z
118,111,1,59,2024-02-17T13:46:32Z
146,149,3,59,2023-10-08T16:44:01Z
146,149,3,59,2023-10-08T16:44:01Z
146,149,3,59,2023-10-08T16:44:01Z
153,88,2,68,2025-07-26T21:18:40Z
153,88,2,68,2025-07-26T21:18:40Z
144,65,1,68,2025-07-21T03:59:21Z
144,65,1,68,2025-07-21T03:59:21Z
252,18,2,68,2025-02-22T19:31:32Z
18,25,2,68,2024-12-23T13:44:41Z
18,25,2,68,2024-12-23T13:44:41Z
220,75,2,68,2024-04-22T05:37:50Z
251,2,2,68,2024-03-30T14:52:04Z
251,2,2,68,2024-03-30T14:52:04Z
1,134,2,68,2024-03-23T17:55:22Z
1,134,2,68,2024-03-23T17:55:22Z
177,114,1,68,2024-03-19T08:37:19Z
177,114,1,68,2024-03-19T08:37:19Z
24,19,3,69,2025-09-23T18:22:19Z
218,86,1,69,2025-09-14T13:13:18Z
218,86,1,69,2025-09-14T13:13:18Z
290,87,1,69,2025-03-08T18:32:10Z
290,87,1,69,2025-03-08T18:32:10Z
290,87,1,69,2025-03-08T18:32:10Z
292,25,2,69,2024-12-19T04:54:56Z
57,40,3,69,2024-09-15T23:35:50Z
57,40,3,69,2024-09-15T23:35:50Z
57,40,3,69,2024-09-15T23:35:50Z
115,34,3,69,2024-05-28T06:34:23Z
115,34,3,69,2024-05-28T06:34:23Z
115,34,3,69,2024-05-28T06:34:23Z
128,77,1,69,2024-03-26T17:14:49Z
128,77,1,69,2024-03-26T17:14:49Z
235,109,3,69,2024-02-18T03:29:56Z
156,108,2,69,2024-01-26T09:38:47Z
156,108,2,69,2024-01-26T09:38:47Z
156,108,2,69,2024-01-26T09:38:47Z
70,109,4,69,2023-11-25T19:29:22Z
70,109,4,69,2023-11-25T19:29:22Z
87,150,1,71,2024-11-22T17:36:21Z
87,150,1,71,2024-11-22T17:36:21Z
87,150,1,71,2024-11-22T17:36:21Z
43,31,1,71,2024-03-19T15:09:18Z
43,31,1,71,2024-03-19T15:09:18Z
133,5,1,71,2024-01-24T04:48:18Z
133,5,1,71,2024-01-24T04:48:18Z
173,40,3,75,2025-08-20T01:23:11Z
173,40,3,75,2025-08-20T01:23:11Z
202,121,2,75,2025-06-16T18:12:07Z
202,121,2,75,2025-06-16T18:12:07Z
236,4,1,75,2025-04-24T09:14:42Z
236,4,1,75,2025-04-24T09:14:42Z
236,4,1,75,2025-04-24T09:14:42Z
228,91,1,75,2025-01-20T15:48:02Z
228,91,1,75,2025-01-20T15:48:02Z
271,60,2,75,2024-12-02T15:46:06Z
105,139,2,75,2024-10-08T05:49:46Z
105,139,2,75,2024-10-08T05:49:46Z
170,109,2,75,2024-08-22T02:50:32Z
170,109,2,75,2024-08-22T02:50:32Z
170,109,2,75,2024-08-22T02:50:32Z
72,57,2,75,2024-01-14T14:53:26Z
72,57,2,75,2024-01-14T14:53:26Z
241,127,1,75,2024-01-05T02:08:59Z
188,14,1,75,2023-12-03T13:19:58Z
160,142,2,75,2023-11-14T20:02:01Z
44,59,3,76,2025-09-20T02:56:48Z
267,87,1,76,2025-07-05T01:21:29Z
267,87,1,76,2025-07-05T01:21:29Z
267,87,1,76,2025-07-05T01:21:29Z
125,48,2,76,2025-02-20T05:36:54Z
125,48,2,76,2025-02-20T05:36:54Z
129,90,3,76,2024-12-31T22:18:35Z
159,15,2,76,2024-06-17T07:06:34Z
41,135,1,76,2024-04-12T17:21:23Z
41,135,1,76,2024-04-12T17:21:23Z
41,135,1,76,2024-04-12T17:21:23Z
127,26,1,76,2024-01-07T19:26:27Z
127,26,1,76,2024-01-07T19:26:27Z
127,26,1,76,2024-01-07T19:26:27Z
69,45,1,76,2023-11-08T03:00:28Z
69,45,1,76,2023-11-08T03:00:28Z
69,45,1,76,2023-11-08T03:00:28Z
306,3,2,76,2023-11-06T03:37:02Z
299,38,2,76,2023-10-12T21:55:01Z
56,63,3,77,2025-08-21T09:27:35Z
56,63,3,77,2025-08-21T09:27:35Z
56,63,3,77,2025-08-21T09:27:35Z
9,12,2,77,2025-02-16T09:09:10Z
80,60,1,77,2024-10-10T23:25:56Z
80,60,1,77,2024-10-10T23:25:56Z
261,19,1,77,2024-09-13T00:42:07Z
261,19,1,77,2024-09-13T00:42:07Z
213,19,2,77,2024-05-21T11:49:47Z
213,19,2,77,2024-05-21T11:49:47Z
213,19,2,77,2024-05-21T11:49:47Z
238,109,2,77,2024-05-17T02:25:16Z
238,109,2,77,2024-05-17T02:25:16Z
238,109,2,77,2024-05-17T02:25:16Z
219,32,2,77,2024-03-30T20:12:38Z
219,32,2,77,2024-03-30T20:12:38Z
25,15,2,77,2024-02-05T11:16:37Z
25,15,2,77,2024-02-05T11:16:37Z
300,109,1,77,2023-10-30T16:43:31Z
112,119,4,82,2025-09-18T05:01:37Z
139,100,1,82,2025-09-09T10:39:59Z
96,10,1,82,2025-05-13T23:54:39Z
66,1,1,82,2024-09-26T17:57:31Z
66,1,1,82,2024-09-26T17:57:31Z
66,1,1,82,2024-09-26T17:57:31Z
94,34,5,82,2024-09-14T00:29:57Z
94,34,5,82,2024-09-14T00:29:57Z
7,97,2,82,2024-06-23T02:04:03Z
7,97,2,82,2024-06-23T02:04:03Z
7,97,2,82,2024-06-23T02:04:03Z
190,113,1,82,2024-06-17T06:34:51Z
190,113,1,82,2024-06-17T06:34:51Z
35,10,2,82,2024-03-27T12:34:21Z
35,10,2,82,2024-03-27T12:34:21Z
35,10,2,82,2024-03-27T12:34:21Z
82,1,2,82,2024-02-20T05:44:48Z
82,1,2,82,2024-02-20T05:44:48Z
82,1,2,82,2024-02-20T05:44:48Z
171,40,3,82,2023-12-14T20:58:37Z
171,40,3,82,2023-12-14T20:58:37Z
167,40,4,88,2025-04-07T20:38:12Z
189,95,1,88,2025-03-09T20:47:34Z
189,95,1,88,2025-03-09T20:47:34Z
293,15,2,88,2024-08-27T03:18:08Z
60,39,2,88,2023-12-07T22:12:15Z
210,134,2,89,2025-08-09T08:46:06Z
210,134,2,89,2025-08-09T08:46:06Z
210,134,2,89,2025-08-09T08:46:06Z
229,139,3,89,2025-05-24T06:45:52Z
229,139,3,89,2025-05-24T06:45:52Z
74,34,6,89,2025-05-14T07:16:20Z
11,28,4,89,2025-03-16T06:37:39Z
11,28,4,89,2025-03-16T06:37:39Z
191,133,1,89,2025-02-11T20:18:57Z
191,133,1,89,2025-02-11T20:18:57Z
301,108,2,89,2025-02-01T05:00:23Z
301,108,2,89,2025-02-01T05:00:23Z
214,30,1,89,2024-05-09T00:05:44Z
214,30,1,89,2024-05-09T00:05:44Z
131,130,1,89,2024-04-26T13:41:58Z
140,113,3,90,2025-09-04T08:08:30Z
106,127,2,90,2025-07-26T06:40:30Z
106,127,2,90,2025-07-26T06:40:30Z
106,127,2,90,2025-07-26T06:40:30Z
303,134,1,90,2025-07-20T09:25:25Z
303,134,1,90,2025-07-20T09:25:25Z
303,134,1,90,2025-07-20T09:25:25Z
53,63,1,90,2025-06-06T19:58:36Z
305,113,4,90,2025-01-07T09:19:37Z
308,54,1,90,2024-10-18T03:54:10Z
308,54,1,90,2024-10-18T03:54:10Z
308,54,1,90,2024-10-18T03:54:10Z
286,139,3,90,2024-09-05T20:16:06Z
286,139,3,90,2024-09-05T20:16:06Z
286,139,3,90,2024-09-05T20:16:06Z
15,31,1,90,2024-08-28T18:46:30Z
126,132,2,90,2024-08-02T23:45:03Z
126,132,2,90,2024-08-02T23:45:03Z
281,2,1,90,2024-05-20T12:33:21Z
281,2,1,90,2024-05-20T12:33:21Z
281,2,1,90,2024-05-20T12:33:21Z
247,65,1,90,2024-05-09T19:01:38Z
233,91,1,90,2024-03-23T05:06:23Z
233,91,1,90,2024-03-23T05:06:23Z
233,91,1,90,2024-03-23T05:06:23Z
275,115,2,93,2024-10-10T15:05:39Z
275,115,2,93,2024-10-10T15:05:39Z
84,114,1,93,2024-07-14T08:44:10Z
84,114,1,93,2024-07-14T08:44:10Z
291,76,1,93,2024-06-10T00:11:08Z
193,116,2,93,2024-06-06T02:17:06Z
193,116,2,93,2024-06-06T02:17:06Z
98,83,1,93,2024-06-03T00:17:06Z
98,83,1,93,2024-06-03T00:17:06Z
98,83,1,93,2024-06-03T00:17:06Z
95,81,1,93,2024-02-01T08:56:39Z
150,8,1,93,2024-01-22T01:54:46Z
150,8,1,93,2024-01-22T01:54:46Z
150,8,1,93,2024-01-22T01:54:46Z
199,127,3,96,2025-06-10T09:10:14Z
50,55,2,96,2025-06-05T00:13:39Z
50,55,2,96,2025-06-05T00:13:39Z
50,55,2,96,2025-06-05T00:13:39Z
256,94,4,96,2025-05-24T05:29:26Z
20,94,2,96,2025-05-21T02:35:42Z
20,94,2,96,2025-05-21T02:35:42Z
205,77,1,96,2024-12-27T14:55:37Z
205,77,1,96,2024-12-27T14:55:37Z
266,102,1,96,2023-12-15T04:31:50Z
266,102,1,96,2023-12-15T04:31:50Z
265,76,1,96,2023-10-03T07:01:32Z
265,76,1,96,2023-10-03T07:01:32Z
134,100,1,98,2025-07-22T18:36:15Z
134,100,1,98,2025-07-22T18:36:15Z
248,108,2,98,2025-04-07T04:08:32Z
250,34,1,98,2025-03-23T01:38:32Z
250,34,1,98,2025-03-23T01:38:32Z
243,76,1,98,2024-05-11T18:03:19Z
237,63,1,101,2025-01-08T13:59:25Z
237,63,1,101,2025-01-08T13:59:25Z
272,90,1,101,2024-12-10T21:02:24Z
225,115,2,101,2023-10-29T09:08:28Z
225,115,2,101,2023-10-29T09:08:28Z
225,115,2,101,2023-10-29T09:08:28Z
85,60,2,101,2023-10-17T22:05:56Z
97,139,2,101,2023-09-30T00:52:23Z
231,19,2,102,2025-05-25T08:13:04Z
231,19,2,102,2025-05-25T08:13:04Z
221,121,1,102,2025-04-13T04:22:54Z
201,102,1,102,2024-12-17T04:42:57Z
201,102,1,102,2024-12-17T04:42:57Z
201,102,1,102,2024-12-17T04:42:57Z
90,92,1,102,2024-10-30T01:44:38Z
90,92,1,102,2024-10-30T01:44:38Z
90,92,1,102,2024-10-30T01:44:38Z
184,124,2,102,2024-09-20T00:05:54Z
184,124,2,102,2024-09-20T00:05:54Z
184,124,2,102,2024-09-20T00:05:54Z
155,34,3,102,2023-12-15T19:14:38Z
183,127,2,102,2023-11-05T13:29:16Z
183,127,2,102,2023-11-05T13:29:16Z
183,127,2,102,2023-11-05T13:29:16Z
71,77,1,104,2025-04-20T16:43:07Z
71,77,1,104,2025-04-20T16:43:07Z
71,77,1,104,2025-04-20T16:43:07Z
283,135,1,104,2025-01-17T03:28:27Z
283,135,1,104,2025-01-17T03:28:27Z
52,10,2,104,2025-01-16T04:47:32Z
52,10,2,104,2025-01-16T04:47:32Z
52,10,2,104,2025-01-16T04:47:32Z
32,27,2,104,2025-01-09T23:38:29Z
32,27,2,104,2025-01-09T23:38:29Z
163,139,2,104,2024-12-16T06:54:51Z
89,92,1,104,2024-10-27T22:03:19Z
277,113,1,104,2024-06-19T12:25:15Z
277,113,1,104,2024-06-19T12:25:15Z
192,105,1,104,2024-06-03T04:30:44Z
42,81,1,104,2024-02-10T18:52:42Z
42,81,1,104,2024-02-10T18:52:42Z
148,28,4,109,2025-03-06T02:00:23Z
148,28,4,109,2025-03-06T02:00:23Z
148,28,4,109,2025-03-06T02:00:23Z
110,28,3,109,2025-03-05T22:16:05Z
110,28,3,109,2025-03-05T22:16:05Z
119,19,3,109,2024-04-29T09:18:04Z
119,19,3,109,2024-04-29T09:18:04Z
119,19,3,109,2024-04-29T09:18:04Z
124,48,3,109,2023-11-08T13:12:26Z
17,94,3,111,2024-10-31T18:25:07Z
17,94,3,111,2024-10-31T18:25:07Z
46,24,2,111,2024-07-16T21:24:17Z
242,87,1,111,2024-04-15T17:44:27Z
147,87,1,111,2024-01-08T05:12:02Z
147,87,1,111,2024-01-08T05:12:02Z
239,104,1,112,2025-08-22T02:17:20Z
76,100,3,112,2025-07-17T08:33:39Z
76,100,3,112,2025-07-17T08:33:39Z
143,139,2,112,2024-09-04T03:23:10Z
143,139,2,112,2024-09-04T03:23:10Z
143,139,2,112,2024-09-04T03:23:10Z
138,19,3,112,2024-08-25T00:08:22Z
138,19,3,112,2024-08-25T00:08:22Z
138,19,3,112,2024-08-25T00:08:22Z
36,100,4,112,2024-06-09T13:00:59Z
36,100,4,112,2024-06-09T13:00:59Z
36,100,4,112,2024-06-09T13:00:59Z
298,51,1,114,2025-06-19T08:36:10Z
298,51,1,114,2025-06-19T08:36:10Z
289,25,2,114,2025-03-02T23:26:02Z
49,92,1,114,2024-12-04T16:40:46Z
49,92,1,114,2024-12-04T16:40:46Z
49,92,1,114,2024-12-04T16:40:46Z
48,90,3,114,2024-07-24T23:25:42Z
48,90,3,114,2024-07-24T23:25:42Z
28,72,3,114,2023-10-03T20:44:41Z
28,72,3,114,2023-10-03T20:44:41Z
28,72,3,114,2023-10-03T20:44:41Z
211,90,1,117,2025-09-18T08:08:27Z
211,90,1,117,2025-09-18T08:08:27Z
302,78,1,117,2025-08-13T06:54:12Z
302,78,1,117,2025-08-13T06:54:12Z
149,17,1,117,2024-04-25T11:00:48Z
149,17,1,117,2024-04-25T11:00:48Z
149,17,1,117,2024-04-25T11:00:48Z
165,121,1,117,2024-03-07T09:03:18Z
165,121,1,117,2024-03-07T09:03:18Z
63,115,1,117,2023-12-15T10:41:04Z
63,115,1,117,2023-12-15T10:41:04Z
51,64,1,117,2023-12-06T22:51:39Z
51,64,1,117,2023-12-06T22:51:39Z
253,147,2,122,2025-03-16T18:55:53Z
253,147,2,122,2025-03-16T18:55:53Z
253,147,2,122,2025-03-16T18:55:53Z
103,84,1,122,2025-01-31T09:47:35Z
215,139,4,122,2024-10-01T23:19:57Z
215,139,4,122,2024-10-01T23:19:57Z
215,139,4,122,2024-10-01T23:19:57Z
111,90,1,122,2024-08-01T00:40:32Z
111,90,1,122,2024-08-01T00:40:32Z
111,90,1,122,2024-08-01T00:40:32Z
182,100,3,122,2024-07-04T00:02:30Z
307,72,2,122,2024-06-05T04:08:32Z
307,72,2,122,2024-06-05T04:08:32Z
307,72,2,122,2024-06-05T04:08:32Z
120,34,3,122,2024-03-18T22:37:45Z
246,2,1,124,2025-09-15T18:52:45Z
123,113,2,124,2025-07-20T15:01:24Z
123,113,2,124,2025-07-20T15:01:24Z
39,70,1,124,2025-06-26T22:31:09Z
39,70,1,124,2025-06-26T22:31:09Z
39,70,1,124,2025-06-26T22:31:09Z
102,87,1,124,2025-06-23T17:38:50Z
295,97,1,124,2025-02-18T17:02:22Z
295,97,1,124,2025-02-18T17:02:22Z
295,97,1,124,2025-02-18T17:02:22Z
249,100,4,124,2023-10-30T08:43:55Z
249,100,4,124,2023-10-30T08:43:55Z
161,109,4,133,2025-09-26T08:37:28Z
161,109,4,133,2025-09-26T08:37:28Z
280,2,3,133,2025-08-09T09:53:14Z
280,2,3,133,2025-08-09T09:53:14Z
280,2,3,133,2025-08-09T09:53:14Z
67,137,1,133,2024-12-02T17:10:30Z
67,137,1,133,2024-12-02T17:10:30Z
232,150,4,133,2024-03-17T19:06:41Z
232,150,4,133,2024-03-17T19:06:41Z
232,150,4,133,2024-03-17T19:06:41Z
65,127,2,133,2023-12-25T02:15:13Z
65,127,2,133,2023-12-25T02:15:13Z
65,127,2,133,2023-12-25T02:15:13Z
264,119,2,134,2025-04-12T06:36:21Z
264,119,2,134,2025-04-12T06:36:21Z
93,40,4,134,2025-02-12T03:24:32Z
93,40,4,134,2025-02-12T03:24:32Z
93,40,4,134,2025-02-12T03:24:32Z
33,8,1,134,2024-12-17T03:43:01Z
16,100,3,134,2024-09-18T21:05:58Z
16,100,3,134,2024-09-18T21:05:58Z
16,100,3,134,2024-09-18T21:05:58Z
113,119,2,134,2024-08-28T05:50:48Z
54,24,2,134,2024-06-19T05:22:35Z
54,24,2,134,2024-06-19T05:22:35Z
77,41,1,134,2023-12-21T20:29:37Z
31,148,1,134,2023-11-18T01:06:41Z
31,148,1,134,2023-11-18T01:06:41Z
55,100,1,135,2025-06-28T23:10:25Z
55,100,1,135,2025-06-28T23:10:25Z
174,34,3,135,2025-04-16T23:02:26Z
174,34,3,135,2025-04-16T23:02:26Z
78,90,2,135,2025-02-01T13:19:08Z
122,150,4,135,2024-12-02T18:37:26Z
212,92,1,135,2024-09-30T01:39:46Z
212,92,1,135,2024-09-30T01:39:46Z
151,128,1,135,2024-09-12T23:00:51Z
186,55,2,135,2024-03-13T17:16:08Z
186,55,2,135,2024-03-13T17:16:08Z
141,51,2,135,2024-01-10T03:09:06Z
288,41,1,135,2024-01-04T21:23:02Z
288,41,1,135,2024-01-04T21:23:02Z
260,27,2,137,2025-09-12T00:38:54Z
217,112,1,137,2025-02-10T05:45:04Z
101,59,4,137,2024-05-19T09:24:22Z
101,59,4,137,2024-05-19T09:24:22Z
101,59,4,137,2024-05-19T09:24:22Z
14,113,2,137,2024-05-04T15:01:09Z
279,32,2,137,2024-04-14T10:32:28Z
279,32,2,137,2024-04-14T10:32:28Z
279,32,2,137,2024-04-14T10:32:28Z
86,8,1,137,2024-04-02T10:15:23Z
86,8,1,137,2024-04-02T10:15:23Z
224,102,2,139,2025-08-26T07:57:45Z
224,102,2,139,2025-08-26T07:57:45Z
224,102,2,139,2025-08-26T07:57:45Z
47,48,2,139,2025-07-06T07:46:50Z
47,48,2,139,2025-07-06T07:46:50Z
47,48,2,139,2025-07-06T07:46:50Z
104,28,3,139,2024-12-08T08:58:25Z
197,150,3,139,2024-11-14T19:18:50Z
38,130,1,139,2024-10-09T02:41:54Z
38,130,1,139,2024-10-09T02:41:54Z
38,130,1,139,2024-10-09T02:41:54Z
208,27,1,139,2024-10-08T02:46:39Z
208,27,1,139,2024-10-08T02:46:39Z
208,27,1,139,2024-10-08T02:46:39Z
274,124,2,139,2024-07-18T13:33:45Z
257,113,2,145,2025-04-15T08:47:46Z
257,113,2,145,2025-04-15T08:47:46Z
154,28,4,145,2024-12-26T00:01:34Z
222,115,2,145,2024-11-26T07:55:41Z
61,122,1,145,2024-11-16T22:53:06Z
88,127,3,145,2024-11-16T11:46:34Z
58,138,1,145,2024-11-11T13:23:19Z
58,138,1,145,2024-11-11T13:23:19Z
226,142,1,145,2024-05-28T14:16:44Z
226,142,1,145,2024-05-28T14:16:44Z
209,109,2,145,2024-04-16T05:06:55Z
273,57,3,145,2024-02-05T01:09:49Z
273,57,3,145,2024-02-05T01:09:49Z
273,57,3,145,2024-02-05T01:09:49Z
227,81,2,145,2023-11-22T04:30:39Z
